{
    "welcomeFile": "index.html",
    "authenticationMethod": "route",
    "routes": [
        {
            "source": "^/catalog/(.*)$",
            "csrfProtection": false,
            "authenticationType": "xsuaa",
            "scope": "$XSAPPNAME.Viewer",
            "destination": "app1-srv"
        }
        ,{
            "source": "^/resources/(.*)$",
            "target": "/resources/$1",
            "authenticationType": "none",
            "destination": "ui5"
        }
        ,{
            "source": "^/test-resources/(.*)$",
            "target": "/test-resources/$1",
            "authenticationType": "none",
            "destination": "ui5"
        }
        ,{
            "source": "^/(.*)$",
            "authenticationType": "xsuaa",
            "scope": "$XSAPPNAME.Viewer",
            "service": "html5-apps-repo-rt"
        }
    ]
}