{
    "xsappname": "app1",
    "tenant-mode": "dedicated",
    "scopes": [
        {
            "name": "uaa.user",
            "description": "UAA"
        }
        ,
        {
            "name": "$XSAPPNAME.Viewer",
            "description": "Viewer"
        },
        {
            "name": "$XSAPPNAME.Admin",
            "description": "Administrator"
        }
    ],
    "role-templates": [
        {
            "name": "Token_Exchange",
            "description": "UAA Token Exchange",
            "scope-references": [
                "uaa.user"
            ]
        }
        ,
        {
            "name": "Viewer",
            "description": "Viewer",
            "scope-references": [
                "$XSAPPNAME.Viewer"
            ]
        },
        {
            "name": "Admin",
            "description": "Administrator",
            "scope-references": [
                "$XSAPPNAME.Admin"
            ]
        }
    ]
    ,
    "role-collections": [
        {
            "name": "app1_Viewer",
            "description": "Viewing access",
            "role-template-references": [
                "$XSAPPNAME.Viewer"
            ]
        },
        {
            "name": "app1_Administrator",
            "description": "Administrative access",
            "role-template-references": [
                "$XSAPPNAME.Admin"
            ]
        }
    ]
    ,
    "oauth2-configuration": {
        "token-validity": 3600,
        "redirect-uris": [
            "https://*-app1-app.cfapps.*.hana.ondemand.com/login/callback"
        ]
    }
}